"October 22, 2022",50,Delicious,"Delicious food with excelent service, a must visit spot for food.. We ordered grilled mushroom and grilled cheese with local ouzo. Perfect."
"September 23, 2022",50,Tasty!,"Great food! Great atmosphere! We didn‚Äôt plan to visit but when we saw that much people, locals and tourists we got hungry very fast. Delicious!"
"September 23, 2022",50,Best food in the town,"Great food, big portions, excellent service, nice music. And mini ice creams as a compliment. Recommended."
"September 23, 2022",50,So delicious,The food is so good the place is good everything is so good the music the service is the best and at the end they give you mini ice cream
"September 4, 2022",50,When in Kavala - go there,"Wonderful, wonderful food (I will dream of their cheese dip for a long time), superb service and reasonable prices. I cannot recommend this place more."
"August 31, 2022",50,Excellent experience,I was surprised in a very good way. The service is quick and friendly and all the dishes are amazing. Is nearly the citadel in a very good position.
"August 29, 2022",50,Perfection,"Exceptionally delicious food made of fresh and quality ingredients. And the service is even better, fast and very helpful staff."
"August 26, 2022",50,Best tavern,"Great place, the food was very good and the serving was pretty fast considering that it‚Äôs a very popular tavern in Kavala. So, good food, cold beer and a more than reasonable bill."
"August 25, 2022",50,Excellen experience,"Delicious food and excellent service! We ate plato for two and the porn meat, the french fries and the vegetables were very delicious. They brought is and ice cream for desert!"
"August 24, 2022",50,Absolutely recommend,"Food, service, prices - everything in this place is excellent. I absolutely recommend if you spend time in Kavala."
"August 20, 2022",50,"Very nice, very tasty!","Very nice, very tasty! The prices were very good. We enjoyed our cuisine and will certainly visit again. I recommend it."
"July 28, 2022",50,Delicious,"Good place, wonderful atmosphere! Delicious food , big portions, good service and decent prices. We are very happy!"
"July 24, 2022",50,Couzy relaxing place,"Maybe the best food in Kavala! Everything fresh with a lot of taste, traditional greek food. Staff so polite. The place is couzy and relaxing!"
"July 21, 2022",50,Wonderful place fresh and delicious - highly recommended!!,Absolutely wonderful! I have been here three times every time so delicious everything fresh and flavorful. I got suvlaki and salad with the stuffed grape leaves as appetizers. Highly recommended great value and loved the experience
"July 16, 2022",40,Delicious octopus,We ate greek salad and grilled octopus both of them is very delicious. At the and of the meal you will be surprised with ice cream. We recommend there ƒ∞f you find time visit Mehmet Ali Pa≈üa ƒ∞maret on the other side of the road
"July 8, 2022",50,Visit and eat there,"Excellent food, polite staff and traditional music. It is next to the road and it's a bit i timate byt it is part of its charm."
"July 5, 2022",50,Best Giros,Nice little Tavern in old Town Kavala. Best Giros I've ever eaten. Very good service with good recommendations. Perfect place. Go for it.
"June 22, 2022",50,Araliki,"Good food, best waiters and super atmosphere. Verry nice location .. the waiters moves verry quickly"
"June 19, 2022",50,The best traditional cuisine in Kavala,"Great customer service. Delicious food, big dishes, reasonable price. I would recommend the restaurant to anyone visiting Kavala!"
"May 24, 2022",50,Excellent food,We visit the restaurant each and every time when we are in Kavala. It is always a plasure. We definitely recommend it. Food and service are great.
"April 29, 2022",50,Great dinner,"Excellent food, nice people and great location. Perfect for dinner in the old town with your friends or family."
"October 1, 2021",50,Awesome,Very authentic and tasty food. Good prices. Locals are also eating here. (Good sign) Super nice service. Will definitely eat here again.
"September 28, 2021",50,Very good food,Very good food and service.The octopus and yogurt nabab was very good. The staff is perfect and we received icecream.
"September 10, 2021",50,A great place to eat tasty food!,"Perfect place to eat greek tasty cuisines, nice atmosphere, great service‚Ä¶we love it! Situated in the old town, but already checked that is not a tourist trap. Recommend it!"
"September 9, 2021",50,Nice place in old Kavala!,Very tasty and nice! The waiter's advices were formidable! Very nice interiors. Very quickly we obtain our food and drinks. The white wine was very nice!
"August 29, 2021",50,Great lunch in Kavala,"The ambiance, the food and the service are all very good! Portions are super large and delicious. We even got an ice cream courtesy of the house! Keep it up!"
"August 27, 2021",50,Great food and even better attitude!,Great food and even better attitude! We already went to a few other restaurants but these guys were the best place during our stay. Thank you!
"August 26, 2021",50,Great,"The food and the service are great. Also, it's very affordable. Nice traditional greek atmosphere üëç Would come again anytime"
"August 11, 2021",50,Delicious meat food,"The stuff is very polite and fast. They find us a table in 5 minutes. Meat food is super, portions ate very big and the prices are ok."
"August 2, 2021",50,Greek food delight,"Amazing food, extremely cheap, rich menu, fast and friendly service. Can't think of anything missing. We just had a really great dinner here, coudnt wait to leave some feedback. You won't regret it, give it a try."
"July 28, 2021",30,Nice atmosphere,"Very typical and pleasant dinner. Waiters were all super kind. Menu is mainly meat based but there are good alternatives, loved the vine leaves stuffed with rice"
"July 28, 2021",50,Excellent,The food is very good and cheap. We order the meat plate for 2 persons and was excellent. They offer us ice cream for dessert and was delicious.
"July 27, 2021",50,Super,Very good!! And have presents from restaurant - very tasty!! Atmosphere is very very cool!! Food and is super
"July 20, 2021",50,Amazing restaurant!,"EXCELLENT ! Amazing food (huge portion), great location, charming surrounding, really nice staff and really fair prices. You wont be disappointed we loved it. One of the best restaurant we went in the region."
"July 14, 2021",50,‚ú®‚ÄºÔ∏è,"‚ú®Great food, friendly personnel. Great value for money.‚ú®‚ú®‚ú®‚ú® Good location, near the castle. üè∞ Clean bathroom!‚ú®"
"July 8, 2021",50,"Amazing services, great food, incredible prices",Prices are much lower than the restaurants from the port and the quality much above expectations. Services were amazing and everything deserve a 5/5
"July 5, 2021",50,Such places make Greece great again.,"After the unfortunate culinary experiences in Thassos, we discovered this amazing Mediterranean and Greek location with astonishment and joy. Impeccable services, delicious food and reasonable prices ..."
"July 2, 2021",50,TASTY FOOD!,"The restaurant is very cosy. Food is delicious and the service is fast, with a smile. On the way to the Castle, we had this great break! And there is a free juicy cake at the end. Recommend"
"June 20, 2021",50,Great place and very good service,"Excellent as usual. Second time here and again very good experience. Had octopus, calamari and risotto. Great all of the."
"June 13, 2021",50,"Excelent food! Good taste,","Excelent food! Good taste, cheap for the amount pf food we had, good wine, desert on the house, nice location. It was super nice !"
"June 6, 2021",50,"Very delicious food, perfect service, nice staff, cozy place","It is a very nice and Cosy place, the Servise is excellent, food is more then delicious. We tried the octopus and calamari, it was the most delicious we tried in kavala."
"October 31, 2020",50,Delicious,Very good service with very good food. Overall is cheap. I recommend it very –æ—á–µ–Ω—å –±–æ–ª—å—à–æ–π much good
"October 25, 2020",50,Wow!,"Fantastic food, exceptional service. WHAT a nice surprise, yummy fresh food, very quicky service and a fair price. You must try it!!!"
"September 4, 2020",50,Nice place!,Very nice place in old town of Kavala. Friendly service! Excellent food and reasonable prices. If you plan to come in Kavala you should try this restaurant.
"August 24, 2020",50,Great restaurant in the Old City of Kavala,"A very good restaurant. A very pleasant atmosphere. The owner is a very warm man, very careful. Delicious food, very decent prices. I highly recommend it to those who visit Kavala."
"August 23, 2020",50,Best place in the Old City of Kavala,"We loved this beautiful tavern in the Old City of Kavala! It is extremely picturesque,in the small streets of the old city. The menu was very good and the prices reasonable. I would definitely recommend it for a nice night in Kavala!"
"July 20, 2020",50,Wonderful,"Everything is delicios and fresh cooked food! The atmosphere and the music is truly Greek! Service is perfect with very kind waiters, thank you Dimitrisüëç! This is a must to visit in Kavala and for sure we will miss this place untill next vacation."
"July 14, 2020",50,Best in town,The best food ever! Every year I travel in Kavala and in this place I can find the real taste of Greek cousin.
"July 14, 2020",50,"Quitea and cosy, food and beverages","Quite and cosy, food(try the yoghurt kebab) and beverages were nice. Waiter was nice and helpful. Highly recommend this place."
"July 12, 2020",50,Top 3 - Kavala,One of the best places in Kavala . Low prices / really greek authentic food . Amability/ diversity / cousy / diversity
"July 10, 2020",50,5 stars from us,"Perfect place with amazing location and food. If in Kavala visit them, you will like them too for sure."
"July 6, 2020",50,Wow!,"Must eat there!‚ù§ All is cheap and you eat a lotüòÉ, nice people, good greek music, a nice and quiet location...one of the best taverna in Kavala!"
"December 24, 2019",50,Do not miss this !!!,"Love it there, good food, beautiful people! If you visit Kavala, this places a MUST ! Delicious food, wide variety of local cuisine, with amazing staff. Great location"
"November 25, 2019",50,Amazing food,"One of the best places in Kavala. The meals were delicious, wide variety of local food - salads, vegetables, and meat. There is a recipe for everyone."
"September 27, 2019",50,GO THERE!,"Very,very good place.Friendly staff,delicious food,...what you need more?!?!?!Good location in old town!!!"
"September 19, 2019",50,Really good food,Really good food and It‚Äôs fair price. Staff were really friendly and helpful of choosing from the menu. Also we are amazed how nice and clean it was the toilet (most other places are disgusting) I would recommend that place.
"September 18, 2019",50,Awesome place,"Amazing place to visit, must try the food - the best in the city and the staff is amazing, very polite"
"September 17, 2019",50,To Araliki,"Best food in Kavala. We have tried many restaurants in town but this one is the best. Familly, friendly business. Good location in old part of town."
"September 9, 2019",50,Everything is delicious,"Great place in the old part of the city. Everything was so delicious - we ate greek salad, aubergine with tomatoes and feta, octopus and many more. The prices are normal and I reccommended the place. Must visit."
"September 9, 2019",50,Great all around,"Great food, especially the seafood and salads. Amazing staff, service and even prices, definitely deserves its high rating."
"September 8, 2019",50,Over exceeded expectations,Big portions with best quality over price. Located in old town which nice for walk over. Recommended while you are in Kavala.
"September 7, 2019",50,Best place to eat in Kavala,"This place is really amazing. The best octopus i have ever tasted. The service is great and everything is delicious. Highly recommended. Just keep in mind that it is always full, so book a place in advance."
"September 7, 2019",50,A very pleasant experience,The food is very good. The staff are friendly and helpful. We recommend the fried balls made with zucchini and tomatoes. Also you should not miss the tzatziki.
"September 5, 2019",50,Outstanding,The food as well as the serving are great. Is a quiet location which can be found very easy. Over all it was a 5 star experience and I‚Äôll come back for sure.
"September 5, 2019",50,The best in this town,The best food in Kavala ! The boys are fast and very nice and the food is delicious and fresh . We will come back again !
"September 3, 2019",50,Outstanding,It definitely deserves being the best restaurant in Kavala. Make sure to try the chicken souvlaki. Absolutely stunning. Great prices as well.
"September 3, 2019",50,Nice place in old Town of Kavala,"Very nice place,for meat and appetizers. Lovely Roka salad and very tasty zucini and tomato meatballs"
"September 2, 2019",30,"Cute, popular, good menu","We went for dinner. The restaurant focuses on local cuisine - mostly meat and salads. The waiters are nice and the service is quick. It‚Äôs not remarkably tasty, but it was a nice dinner place."
"August 31, 2019",50,Greece on a plate,Very Good place with delicious food and perfect service. That was our best choice for traditional cuisine in Greece.
"August 30, 2019",50,Authentic and friendly,"We came upon this restaurant in the old town, it is next to the road if you can find somewhere to park. Fabulous food in lovely surroundings with attentive friendly staff. Would highly recommend"
"August 28, 2019",50,We enjoyed the Relaxation,Great restaurant! Great service! We enjoyed every second and every meal! The portion were huge and delicious! The best evening in Kavala!
"August 20, 2019",50,To Araliki - really number 1 in the city,"Great white wine, size of portions from medium to big. All ingredients are fresh. I‚Äôm glad what I was in this place."
"August 14, 2019",40,Good food,We had different meal course including traditional Greek food and meat. They are good except yogurt kebap but I think we are from Kebap‚Äôs originüòä aubergine and salad is very good. I ate better tzcaki in Afitos. They are smiling people.
"August 14, 2019",50,"Good food, fast service",Authentic greek food. Choose to eat many of the starters to get a taste of the greek cucine. Fast service and very welcome people
"August 14, 2019",50,Kavala nice trip,"We were there with my friends and we had a very delicious meal. Everything was perfectly cooked and staff was very kind, friendly and üòäüòâüòÖhandsome. We highly recommend this in Kavala, located in old town ."
"August 11, 2019",50,Nice and authentic,"Nice place, service was good despite that there were some large groups, food were delicious and pricies are moderate. I recomand this place."
"August 11, 2019",50,Nice and cosy,"Perfect food, perfect service and perfect atmosphere! We eat tripleto, kalamari and octopus. Recommand!"
"August 11, 2019",50,Super delicios.. Lovely atmosphere...,Having our late lunch here at the moment.. Will be coming for dinner tonight again... What else can I say ?
"August 11, 2019",50,Very good restaurant!,"Great food and location , big portions, good prices, friendly staff! Strangely but they do not serve coffee:("
"August 7, 2019",50,Delicious!!!,"This place is the best ranked in Kavala for a reason. It was fantastic..the calamari was friend to perfection, the souvlaki was delicious and the service was wonderful"
"August 6, 2019",50,Great place,"Nice atmosphere, far from the crowds, delicious food, friendly staff, affordable. Definitely worth to visit!"
"August 5, 2019",50,What a restaurant!,"We first came to the restaurant, but they were full. One of the guys managed to fix an additional table outside by the street. Only one of the guys spoke English (awesome and makes it more authentic.) Service 5/5 Food 5/5 Atmosphere 5/5"
"August 5, 2019",50,Perfect,"We saw on here that this restaurant was the best scoring in kavala and decided to try it. Everything from the music, the food and the service was just perfect. I higly recommend everyone to come here and try it. You will not be dissapointed!"
"August 1, 2019",50,Always so good,This is a very good Greek restaurant. Souvlaki and soutzoukaki are the best. Fried potatoes are fresh cut. Salad are green and fresh. House wine is of good quality. I totally recommend this place. Great value for money. Friendly staff.
"July 26, 2019",40,Vacation in Kavala,Friendly owner and staff one of the best dolma i have tasted. Truly recommendable their kebab w yogurt delicious. Quick service
"July 25, 2019",50,Best Octopus ever,"The place is very nice and the food is tasty. That was the best octopus I have ever tried. The people are kind and smiley. It is full all the time, but if you wait some minutes there will be a table for you."
"July 25, 2019",50,Amazing,"Food was excellent, stuff was very kind. Prices are really good..If you are looking for traditional greek food in Kavala, this is the place. Highly reccomend"
"July 24, 2019",50,Nice cosy restaurant,Great food and service. Also the prices were very good. I will come back for sure. You get a bottle of water on the house which is nice.
"July 20, 2019",50,Perfect,The service was good even if the staff was super busy because of the festivale. The best meal of our trip.
"July 18, 2019",50,A place to have a great time,"Everything was perfect! The food, the service, location- perfect. We felt like home, the waiter was extremely polite."
"July 16, 2019",50,Amazing!,"Delicious food, friendly staff, nice location. Good prices too! The food comes quick, they serve you some nice warm bread as well. Recommend!"
"June 30, 2019",50,Awesome place!,"Awesome meal, nice personnel, super quick service!!! Greek music, delicious food and top prices! Highly recommended to anyone!"
"June 30, 2019",50,Our opinion,"Lovely food, great service and people. The location is also pretty nice. The old city is very beautiful place to visit. Highly recommend."
"June 23, 2019",50,Great place,"Very delicious meat, great staff and service, thank you for ice cream and fruits, we enjoyed our food and ice cold beer"
"June 16, 2019",50,best place!!!,"great place!! good food, nice staff. They gave us free icecream and wine. A must when you are in kavala!!"
"June 6, 2019",50,Excellent food and service,This taverna was recommended and did not disappoint. Busy but staff were attentive and food was very good.
"May 1, 2019",50,One of the best restaurants we dined at on our trip,"Had a wonderful experience dining here: the food was very tasty, the service was fast and the prices were the average for Kavala. As a bonus, the staff was very hospitable and the atmosphere was nice and lively."
"April 6, 2019",50,Mrs,Great atmosphere and good food in the heart of the old town. Good service and value of money. Recommend
"March 9, 2019",50,Incredible food and wonderful athmosphere,I highly recommend this place when you visit Kavala. The food is awesome and the service is great. Amazing place - good prices for excelent quality!
"February 16, 2019",50,The food is delicious,The food is delicious. The restaurant is in peaceful area. Œ§he prices are very reasonable about 15 euros per person with wine.
"February 13, 2019",50,Very nice restaurant,"Excellent place for tasty and quality food, clean restaurant with very friendly staff! Perfect for couples and friend groups"
"January 6, 2019",50,Amazing fresh,"amazing fresh traditional and grilled food! In old town, staff very quick and helpful! Nice free dessert treated at the end of our meal!"
"August 27, 2018",30,Disappointed,"The reviews for this place were good so after a drink in the Hotel ƒ∞maret we stopped for dinner. Very slow service. One meze item ordered and completely forgotten and souvlaki rather fatty, accompanying French fries totally fat bound. Good price but disappointing."
"August 20, 2018",50,The best food we ate in Kavala!,Calamari and souvlaki were delicios!! The service is very good so are the prices! If we come to Kavala again we will sure come here to eat!
"August 13, 2018",50,All you could ask for.,"If you're looking for a really good Greek taverna which has superb food, excellent wine and great service- all at very reasonable prices then look no further."
"August 4, 2018",40,Very good food and at good price,The food was very good for the price. We have just give only 7 euro and we eat a platter with some different meats. At start we eat a great soft and hot bread. Very nice place and the stuff was friendly.
"April 28, 2018",50,Don‚Äôt miss this out,"Excellent salads, meat and bread. The fgod is delicous. The staff is extremely friendly and we have been here three times in three days"
"March 16, 2018",50,Absolutely great,"The staff is very friendly, helpful and nice. The food was absolutely delicious. They have good enough choices for non-meat eaters. The portions are huge. Definitely a great place and very good value to price ratio."
"March 10, 2018",40,Highly recommended,"We have had dinner .. testy, nice service .. serving by John.. rice, zucchini balls, everything recommended.. try.."
